{"coverage": 43.76996805111821, "raw_data": {"meta": {"version": "7.3.4", "timestamp": "2023-12-22T20:06:29.518567", "branch_coverage": true, "show_contexts": false}, "files": {"app.py": {"executed_lines": [2, 10, 11, 12, 13, 14, 16, 17, 19, 20, 21, 23, 25, 26, 28, 29, 31, 32, 33, 41, 63, 64, 127, 136, 159, 166, 190, 210, 234, 257, 258, 259, 260, 261, 262, 263, 265, 267, 268, 269, 270, 273, 278, 327], "summary": {"covered_lines": 43, "num_statements": 176, "percent_covered": 21.75925925925926, "percent_covered_display": "22", "missing_lines": 133, "excluded_lines": 3, "num_branches": 40, "num_partial_branches": 0, "covered_branches": 4, "missing_branches": 36}, "missing_lines": [27, 34, 35, 71, 72, 74, 75, 77, 78, 79, 80, 81, 83, 86, 88, 89, 90, 91, 92, 93, 95, 100, 101, 103, 104, 105, 106, 110, 113, 114, 117, 118, 122, 123, 124, 125, 129, 130, 131, 132, 134, 137, 140, 141, 142, 144, 146, 147, 148, 149, 150, 151, 152, 154, 155, 156, 157, 160, 161, 164, 169, 170, 171, 172, 174, 176, 178, 179, 180, 181, 182, 183, 185, 186, 187, 188, 195, 197, 199, 200, 202, 204, 205, 208, 215, 216, 218, 220, 221, 223, 225, 226, 227, 230, 231, 236, 237, 239, 241, 243, 246, 247, 248, 249, 250, 252, 274, 275, 280, 281, 282, 284, 285, 286, 287, 288, 290, 293, 294, 295, 297, 298, 300, 302, 303, 312, 314, 315, 317, 318, 320, 321, 324], "excluded_lines": [254, 327, 328], "executed_branches": [[259, 260], [259, 267], [261, 262], [261, 265]], "missing_branches": [[146, -136], [146, 147], [147, 146], [147, 148], [148, 146], [148, 149], [161, -159], [161, 164], [170, 171], [170, 176], [171, 172], [171, 174], [176, -166], [176, 178], [179, 176], [179, 180], [199, 200], [199, 208], [200, 199], [200, 202], [218, -210], [218, 220], [220, 218], [220, 221], [223, 225], [223, 230], [225, 218], [225, 226], [241, 243], [241, 246], [274, -273], [274, 275], [293, 294], [293, 300], [312, 314], [312, 324]]}, "client_secret_env.py": {"executed_lines": [2, 10, 12], "summary": {"covered_lines": 3, "num_statements": 3, "percent_covered": 100.0, "percent_covered_display": "100", "missing_lines": 0, "excluded_lines": 0, "num_branches": 0, "num_partial_branches": 0, "covered_branches": 0, "missing_branches": 0}, "missing_lines": [], "excluded_lines": [], "executed_branches": [], "missing_branches": []}, "test_date_usage.py": {"executed_lines": [1, 5, 7, 10, 11, 13, 14, 15, 16, 18, 19, 20, 21, 23, 25, 26, 27, 28, 30, 32, 33, 34, 35, 38], "summary": {"covered_lines": 22, "num_statements": 22, "percent_covered": 100.0, "percent_covered_display": "100", "missing_lines": 0, "excluded_lines": 2, "num_branches": 0, "num_partial_branches": 0, "covered_branches": 0, "missing_branches": 0}, "missing_lines": [], "excluded_lines": [38, 39], "executed_branches": [], "missing_branches": []}, "workdays/__init__.py": {"executed_lines": [1], "summary": {"covered_lines": 0, "num_statements": 0, "percent_covered": 100.0, "percent_covered_display": "100", "missing_lines": 0, "excluded_lines": 0, "num_branches": 0, "num_partial_branches": 0, "covered_branches": 0, "missing_branches": 0}, "missing_lines": [], "excluded_lines": [], "executed_branches": [], "missing_branches": []}, "workdays/test_event_content.py": {"executed_lines": [1, 5, 6, 8, 11, 12, 15, 21, 27, 28, 29, 30, 31, 34], "summary": {"covered_lines": 11, "num_statements": 11, "percent_covered": 100.0, "percent_covered_display": "100", "missing_lines": 0, "excluded_lines": 2, "num_branches": 0, "num_partial_branches": 0, "covered_branches": 0, "missing_branches": 0}, "missing_lines": [], "excluded_lines": [34, 35], "executed_branches": [], "missing_branches": []}, "workdays/test_event_manager.py": {"executed_lines": [1, 4, 5, 6, 8, 11, 13, 22, 28, 30, 31, 33, 34, 35, 36, 37, 38, 40, 46, 48, 49, 51, 52, 53, 54, 55, 56, 59], "summary": {"covered_lines": 26, "num_statements": 26, "percent_covered": 100.0, "percent_covered_display": "100", "missing_lines": 0, "excluded_lines": 2, "num_branches": 0, "num_partial_branches": 0, "covered_branches": 0, "missing_branches": 0}, "missing_lines": [], "excluded_lines": [59, 60], "executed_branches": [], "missing_branches": []}, "workdays/workdays.py": {"executed_lines": [1, 5, 7, 10, 11, 14, 22, 23, 24, 25, 26, 29, 30, 34, 40, 42, 50, 51, 56, 57, 59, 60, 63, 64, 69, 78, 80], "summary": {"covered_lines": 24, "num_statements": 29, "percent_covered": 80.0, "percent_covered_display": "80", "missing_lines": 5, "excluded_lines": 0, "num_branches": 6, "num_partial_branches": 2, "covered_branches": 4, "missing_branches": 2}, "missing_lines": [52, 66, 67, 87, 88], "excluded_lines": [], "executed_branches": [[51, 56], [56, 57], [57, 59], [57, 63]], "missing_branches": [[51, 52], [56, 66]]}}, "totals": {"covered_lines": 129, "num_statements": 267, "percent_covered": 43.76996805111821, "percent_covered_display": "44", "missing_lines": 138, "excluded_lines": 9, "num_branches": 46, "num_partial_branches": 2, "covered_branches": 8, "missing_branches": 38}}, "coverage_path": "."}