{"coverage": 43.76996805111821, "raw_data": {"meta": {"version": "7.3.4", "timestamp": "2023-12-22T20:11:37.760847", "branch_coverage": true, "show_contexts": false}, "files": {"app.py": {"executed_lines": [2, 10, 11, 12, 13, 14, 16, 17, 19, 20, 21, 23, 25, 26, 28, 29, 31, 32, 33, 41, 65, 66, 129, 138, 161, 168, 192, 212, 236, 259, 260, 261, 262, 263, 264, 265, 267, 269, 270, 271, 272, 275, 280, 329], "summary": {"covered_lines": 43, "num_statements": 176, "percent_covered": 21.75925925925926, "percent_covered_display": "22", "missing_lines": 133, "excluded_lines": 3, "num_branches": 40, "num_partial_branches": 0, "covered_branches": 4, "missing_branches": 36}, "missing_lines": [27, 34, 35, 73, 74, 76, 77, 79, 80, 81, 82, 83, 85, 88, 90, 91, 92, 93, 94, 95, 97, 102, 103, 105, 106, 107, 108, 112, 115, 116, 119, 120, 124, 125, 126, 127, 131, 132, 133, 134, 136, 139, 142, 143, 144, 146, 148, 149, 150, 151, 152, 153, 154, 156, 157, 158, 159, 162, 163, 166, 171, 172, 173, 174, 176, 178, 180, 181, 182, 183, 184, 185, 187, 188, 189, 190, 197, 199, 201, 202, 204, 206, 207, 210, 217, 218, 220, 222, 223, 225, 227, 228, 229, 232, 233, 238, 239, 241, 243, 245, 248, 249, 250, 251, 252, 254, 276, 277, 282, 283, 284, 286, 287, 288, 289, 290, 292, 295, 296, 297, 299, 300, 302, 304, 305, 314, 316, 317, 319, 320, 322, 323, 326], "excluded_lines": [256, 329, 330], "executed_branches": [[261, 262], [261, 269], [263, 264], [263, 267]], "missing_branches": [[148, -138], [148, 149], [149, 148], [149, 150], [150, 148], [150, 151], [163, -161], [163, 166], [172, 173], [172, 178], [173, 174], [173, 176], [178, -168], [178, 180], [181, 178], [181, 182], [201, 202], [201, 210], [202, 201], [202, 204], [220, -212], [220, 222], [222, 220], [222, 223], [225, 227], [225, 232], [227, 220], [227, 228], [243, 245], [243, 248], [276, -275], [276, 277], [295, 296], [295, 302], [314, 316], [314, 326]]}, "client_secret_env.py": {"executed_lines": [2, 10, 12], "summary": {"covered_lines": 3, "num_statements": 3, "percent_covered": 100.0, "percent_covered_display": "100", "missing_lines": 0, "excluded_lines": 0, "num_branches": 0, "num_partial_branches": 0, "covered_branches": 0, "missing_branches": 0}, "missing_lines": [], "excluded_lines": [], "executed_branches": [], "missing_branches": []}, "test_date_usage.py": {"executed_lines": [1, 5, 7, 10, 11, 13, 14, 15, 16, 18, 19, 20, 21, 23, 25, 26, 27, 28, 30, 32, 33, 34, 35, 38], "summary": {"covered_lines": 22, "num_statements": 22, "percent_covered": 100.0, "percent_covered_display": "100", "missing_lines": 0, "excluded_lines": 2, "num_branches": 0, "num_partial_branches": 0, "covered_branches": 0, "missing_branches": 0}, "missing_lines": [], "excluded_lines": [38, 39], "executed_branches": [], "missing_branches": []}, "workdays/__init__.py": {"executed_lines": [1], "summary": {"covered_lines": 0, "num_statements": 0, "percent_covered": 100.0, "percent_covered_display": "100", "missing_lines": 0, "excluded_lines": 0, "num_branches": 0, "num_partial_branches": 0, "covered_branches": 0, "missing_branches": 0}, "missing_lines": [], "excluded_lines": [], "executed_branches": [], "missing_branches": []}, "workdays/test_event_content.py": {"executed_lines": [1, 5, 6, 8, 11, 12, 15, 21, 27, 28, 29, 30, 31, 34], "summary": {"covered_lines": 11, "num_statements": 11, "percent_covered": 100.0, "percent_covered_display": "100", "missing_lines": 0, "excluded_lines": 2, "num_branches": 0, "num_partial_branches": 0, "covered_branches": 0, "missing_branches": 0}, "missing_lines": [], "excluded_lines": [34, 35], "executed_branches": [], "missing_branches": []}, "workdays/test_event_manager.py": {"executed_lines": [1, 4, 5, 6, 8, 11, 13, 22, 28, 30, 31, 33, 34, 35, 36, 37, 38, 40, 46, 48, 49, 51, 52, 53, 54, 55, 56, 59], "summary": {"covered_lines": 26, "num_statements": 26, "percent_covered": 100.0, "percent_covered_display": "100", "missing_lines": 0, "excluded_lines": 2, "num_branches": 0, "num_partial_branches": 0, "covered_branches": 0, "missing_branches": 0}, "missing_lines": [], "excluded_lines": [59, 60], "executed_branches": [], "missing_branches": []}, "workdays/workdays.py": {"executed_lines": [1, 5, 7, 10, 11, 14, 22, 23, 24, 25, 26, 29, 30, 34, 40, 42, 50, 51, 56, 57, 59, 60, 63, 64, 69, 78, 80], "summary": {"covered_lines": 24, "num_statements": 29, "percent_covered": 80.0, "percent_covered_display": "80", "missing_lines": 5, "excluded_lines": 0, "num_branches": 6, "num_partial_branches": 2, "covered_branches": 4, "missing_branches": 2}, "missing_lines": [52, 66, 67, 87, 88], "excluded_lines": [], "executed_branches": [[51, 56], [56, 57], [57, 59], [57, 63]], "missing_branches": [[51, 52], [56, 66]]}}, "totals": {"covered_lines": 129, "num_statements": 267, "percent_covered": 43.76996805111821, "percent_covered_display": "44", "missing_lines": 138, "excluded_lines": 9, "num_branches": 46, "num_partial_branches": 2, "covered_branches": 8, "missing_branches": 38}}, "coverage_path": "."}