{"coverage": 36.507936507936506, "raw_data": {"meta": {"version": "7.3.1", "timestamp": "2023-09-28T18:37:24.563166", "branch_coverage": true, "show_contexts": false}, "files": {"app.py": {"executed_lines": [2, 10, 11, 12, 13, 14, 16, 17, 19, 20, 21, 23, 24, 26, 27, 29, 30, 31, 38, 39, 76, 77, 80, 101, 108, 150, 173, 174, 183, 184, 185, 186, 187, 191, 193, 213, 250, 256, 257, 258, 259, 260, 261, 262, 264, 266, 267, 268, 269, 272, 277, 320], "summary": {"covered_lines": 51, "num_statements": 174, "percent_covered": 25.925925925925927, "percent_covered_display": "26", "missing_lines": 123, "excluded_lines": 3, "num_branches": 42, "num_partial_branches": 1, "covered_branches": 5, "missing_branches": 37}, "missing_lines": [25, 32, 33, 40, 41, 43, 44, 45, 48, 49, 50, 51, 52, 53, 54, 56, 58, 62, 64, 65, 68, 69, 72, 73, 78, 81, 83, 84, 86, 88, 89, 90, 91, 92, 93, 94, 96, 97, 98, 99, 102, 103, 106, 110, 111, 113, 114, 115, 116, 117, 119, 120, 121, 124, 125, 128, 129, 130, 131, 133, 135, 137, 138, 139, 140, 141, 142, 144, 145, 146, 147, 152, 153, 155, 157, 159, 162, 163, 164, 165, 166, 168, 221, 222, 223, 227, 228, 230, 231, 234, 235, 237, 238, 240, 248, 252, 253, 273, 274, 279, 280, 281, 283, 284, 285, 286, 287, 289, 292, 293, 294, 296, 297, 299, 300, 302, 303, 310, 311, 313, 314, 316, 317], "excluded_lines": [170, 320, 321], "executed_branches": [[77, 80], [258, 259], [258, 266], [260, 261], [260, 264]], "missing_branches": [[77, 76], [88, -80], [88, 89], [89, 88], [89, 90], [90, 88], [90, 91], [103, -101], [103, 106], [114, 115], [114, 128], [115, 114], [115, 116], [117, 119], [117, 124], [119, 114], [119, 120], [129, 130], [129, 135], [130, 131], [130, 133], [135, -108], [135, 137], [138, 135], [138, 139], [157, 159], [157, 162], [222, 223], [222, 227], [227, 228], [227, 237], [228, 230], [228, 234], [273, -272], [273, 274], [292, 293], [292, 299]]}, "client_secret_env.py": {"executed_lines": [2, 10, 12], "summary": {"covered_lines": 3, "num_statements": 3, "percent_covered": 100.0, "percent_covered_display": "100", "missing_lines": 0, "excluded_lines": 0, "num_branches": 0, "num_partial_branches": 0, "covered_branches": 0, "missing_branches": 0}, "missing_lines": [], "excluded_lines": [], "executed_branches": [], "missing_branches": []}, "test_date_usage.py": {"executed_lines": [1, 5, 7, 10, 11, 13, 14, 15, 16, 18, 19, 20, 21, 23, 25, 26, 27, 28, 30, 32, 33, 34, 35, 38], "summary": {"covered_lines": 22, "num_statements": 22, "percent_covered": 100.0, "percent_covered_display": "100", "missing_lines": 0, "excluded_lines": 2, "num_branches": 0, "num_partial_branches": 0, "covered_branches": 0, "missing_branches": 0}, "missing_lines": [], "excluded_lines": [38, 39], "executed_branches": [], "missing_branches": []}, "test_event_content.py": {"executed_lines": [1, 5, 6, 8, 11, 12, 14, 20, 21, 22, 23, 24, 27], "summary": {"covered_lines": 11, "num_statements": 11, "percent_covered": 100.0, "percent_covered_display": "100", "missing_lines": 0, "excluded_lines": 2, "num_branches": 0, "num_partial_branches": 0, "covered_branches": 0, "missing_branches": 0}, "missing_lines": [], "excluded_lines": [27, 28], "executed_branches": [], "missing_branches": []}}, "totals": {"covered_lines": 87, "num_statements": 210, "percent_covered": 36.507936507936506, "percent_covered_display": "37", "missing_lines": 123, "excluded_lines": 7, "num_branches": 42, "num_partial_branches": 1, "covered_branches": 5, "missing_branches": 37}}, "coverage_path": "."}