{"coverage": 34.18181818181818, "raw_data": {"meta": {"version": "7.3.1", "timestamp": "2023-10-01T21:39:33.801306", "branch_coverage": true, "show_contexts": false}, "files": {"app.py": {"executed_lines": [2, 10, 11, 12, 13, 14, 16, 17, 19, 20, 21, 23, 24, 26, 27, 29, 30, 31, 38, 39, 100, 101, 104, 125, 132, 156, 174, 197, 220, 221, 230, 231, 232, 233, 234, 237, 239, 259, 296, 302, 303, 304, 305, 306, 307, 308, 310, 312, 313, 314, 315, 318, 323, 367], "summary": {"covered_lines": 53, "num_statements": 193, "percent_covered": 24.267782426778243, "percent_covered_display": "24", "missing_lines": 140, "excluded_lines": 3, "num_branches": 46, "num_partial_branches": 1, "covered_branches": 5, "missing_branches": 41}, "missing_lines": [25, 32, 33, 46, 47, 49, 50, 51, 53, 54, 55, 56, 57, 60, 62, 63, 64, 65, 66, 67, 69, 74, 75, 77, 78, 79, 80, 83, 84, 86, 87, 90, 91, 95, 96, 97, 98, 102, 105, 107, 108, 110, 112, 113, 114, 115, 116, 117, 118, 120, 121, 122, 123, 126, 127, 130, 135, 136, 137, 138, 140, 142, 144, 145, 146, 147, 148, 149, 151, 152, 153, 154, 161, 163, 164, 166, 168, 169, 172, 179, 181, 183, 184, 186, 188, 189, 190, 193, 194, 199, 200, 202, 204, 206, 209, 210, 211, 212, 213, 215, 267, 268, 269, 273, 274, 276, 277, 280, 281, 283, 284, 286, 294, 298, 299, 319, 320, 325, 326, 327, 329, 330, 331, 332, 333, 335, 338, 339, 340, 342, 343, 345, 347, 348, 357, 358, 360, 361, 363, 364], "excluded_lines": [217, 367, 368], "executed_branches": [[101, 104], [304, 305], [304, 312], [306, 307], [306, 310]], "missing_branches": [[101, 100], [112, -104], [112, 113], [113, 112], [113, 114], [114, 112], [114, 115], [127, -125], [127, 130], [136, 137], [136, 142], [137, 138], [137, 140], [142, -132], [142, 144], [145, 142], [145, 146], [163, 164], [163, 172], [164, 163], [164, 166], [181, -174], [181, 183], [183, 181], [183, 184], [186, 188], [186, 193], [188, 181], [188, 189], [204, 206], [204, 209], [268, 269], [268, 273], [273, 274], [273, 283], [274, 276], [274, 280], [319, -318], [319, 320], [338, 339], [338, 345]]}, "client_secret_env.py": {"executed_lines": [2, 10, 12], "summary": {"covered_lines": 3, "num_statements": 3, "percent_covered": 100.0, "percent_covered_display": "100", "missing_lines": 0, "excluded_lines": 0, "num_branches": 0, "num_partial_branches": 0, "covered_branches": 0, "missing_branches": 0}, "missing_lines": [], "excluded_lines": [], "executed_branches": [], "missing_branches": []}, "test_date_usage.py": {"executed_lines": [1, 5, 7, 10, 11, 13, 14, 15, 16, 18, 19, 20, 21, 23, 25, 26, 27, 28, 30, 32, 33, 34, 35, 38], "summary": {"covered_lines": 22, "num_statements": 22, "percent_covered": 100.0, "percent_covered_display": "100", "missing_lines": 0, "excluded_lines": 2, "num_branches": 0, "num_partial_branches": 0, "covered_branches": 0, "missing_branches": 0}, "missing_lines": [], "excluded_lines": [38, 39], "executed_branches": [], "missing_branches": []}, "test_event_content.py": {"executed_lines": [1, 5, 6, 8, 11, 12, 14, 20, 21, 22, 23, 24, 27], "summary": {"covered_lines": 11, "num_statements": 11, "percent_covered": 100.0, "percent_covered_display": "100", "missing_lines": 0, "excluded_lines": 2, "num_branches": 0, "num_partial_branches": 0, "covered_branches": 0, "missing_branches": 0}, "missing_lines": [], "excluded_lines": [27, 28], "executed_branches": [], "missing_branches": []}}, "totals": {"covered_lines": 89, "num_statements": 229, "percent_covered": 34.18181818181818, "percent_covered_display": "34", "missing_lines": 140, "excluded_lines": 7, "num_branches": 46, "num_partial_branches": 1, "covered_branches": 5, "missing_branches": 41}}, "coverage_path": "."}