{"coverage": 58.91472868217054, "raw_data": {"meta": {"version": "7.4.0", "timestamp": "2024-01-04T14:00:39.819502", "branch_coverage": true, "show_contexts": false}, "files": {"calendar_service/__init__.py": {"executed_lines": [1], "summary": {"covered_lines": 0, "num_statements": 0, "percent_covered": 100.0, "percent_covered_display": "100", "missing_lines": 0, "excluded_lines": 0, "num_branches": 0, "num_partial_branches": 0, "covered_branches": 0, "missing_branches": 0}, "missing_lines": [], "excluded_lines": [], "executed_branches": [], "missing_branches": []}, "calendar_service/calendar_service.py": {"executed_lines": [1, 5, 6, 7, 8, 10, 11, 13, 14, 15, 16, 17, 19, 20, 22, 23, 25, 26, 27, 32, 33, 96, 105, 128, 135, 159, 179, 202, 203, 204, 205, 206, 207, 208, 210, 212, 213, 214, 215, 218], "summary": {"covered_lines": 39, "num_statements": 145, "percent_covered": 24.022346368715084, "percent_covered_display": "24", "missing_lines": 106, "excluded_lines": 1, "num_branches": 34, "num_partial_branches": 0, "covered_branches": 4, "missing_branches": 30}, "missing_lines": [21, 28, 29, 40, 41, 43, 44, 46, 47, 48, 49, 50, 52, 55, 57, 58, 59, 60, 61, 62, 64, 69, 70, 72, 73, 74, 75, 79, 82, 83, 86, 87, 91, 92, 93, 94, 98, 99, 100, 101, 103, 106, 109, 110, 111, 113, 115, 116, 117, 118, 119, 120, 121, 123, 124, 125, 126, 129, 130, 133, 138, 139, 140, 141, 143, 145, 147, 148, 149, 150, 151, 152, 154, 155, 156, 157, 164, 166, 168, 169, 171, 173, 174, 177, 184, 185, 187, 189, 190, 192, 194, 195, 196, 199, 200, 220, 221, 223, 225, 227, 230, 231, 232, 233, 234, 236], "excluded_lines": [238], "executed_branches": [[204, 205], [204, 212], [206, 207], [206, 210]], "missing_branches": [[115, -105], [115, 116], [116, 115], [116, 117], [117, 115], [117, 118], [130, -128], [130, 133], [139, 140], [139, 145], [140, 141], [140, 143], [145, -135], [145, 147], [148, 145], [148, 149], [168, 169], [168, 177], [169, 168], [169, 171], [187, -179], [187, 189], [189, 187], [189, 190], [192, 194], [192, 199], [194, 187], [194, 195], [225, 227], [225, 230]]}, "calendar_service/test_date_usage.py": {"executed_lines": [1, 5, 7, 10, 11, 13, 14, 15, 16, 18, 19, 20, 21, 23, 25, 26, 27, 28, 30, 32, 33, 34, 35, 38], "summary": {"covered_lines": 22, "num_statements": 22, "percent_covered": 100.0, "percent_covered_display": "100", "missing_lines": 0, "excluded_lines": 2, "num_branches": 0, "num_partial_branches": 0, "covered_branches": 0, "missing_branches": 0}, "missing_lines": [], "excluded_lines": [38, 39], "executed_branches": [], "missing_branches": []}, "client_secret_env.py": {"executed_lines": [2, 10, 12], "summary": {"covered_lines": 3, "num_statements": 3, "percent_covered": 100.0, "percent_covered_display": "100", "missing_lines": 0, "excluded_lines": 0, "num_branches": 0, "num_partial_branches": 0, "covered_branches": 0, "missing_branches": 0}, "missing_lines": [], "excluded_lines": [], "executed_branches": [], "missing_branches": []}, "days_types/__init__.py": {"executed_lines": [1], "summary": {"covered_lines": 0, "num_statements": 0, "percent_covered": 100.0, "percent_covered_display": "100", "missing_lines": 0, "excluded_lines": 0, "num_branches": 0, "num_partial_branches": 0, "covered_branches": 0, "missing_branches": 0}, "missing_lines": [], "excluded_lines": [], "executed_branches": [], "missing_branches": []}, "days_types/chu_nantes.py": {"executed_lines": [1, 5, 7, 10], "summary": {"covered_lines": 3, "num_statements": 3, "percent_covered": 100.0, "percent_covered_display": "100", "missing_lines": 0, "excluded_lines": 0, "num_branches": 0, "num_partial_branches": 0, "covered_branches": 0, "missing_branches": 0}, "missing_lines": [], "excluded_lines": [], "executed_branches": [], "missing_branches": []}, "workdays/__init__.py": {"executed_lines": [1], "summary": {"covered_lines": 0, "num_statements": 0, "percent_covered": 100.0, "percent_covered_display": "100", "missing_lines": 0, "excluded_lines": 0, "num_branches": 0, "num_partial_branches": 0, "covered_branches": 0, "missing_branches": 0}, "missing_lines": [], "excluded_lines": [], "executed_branches": [], "missing_branches": []}, "workdays/test_event_content.py": {"executed_lines": [1, 5, 6, 8, 11, 12, 15, 21, 27, 28, 29, 30, 31, 34], "summary": {"covered_lines": 11, "num_statements": 11, "percent_covered": 100.0, "percent_covered_display": "100", "missing_lines": 0, "excluded_lines": 2, "num_branches": 0, "num_partial_branches": 0, "covered_branches": 0, "missing_branches": 0}, "missing_lines": [], "excluded_lines": [34, 35], "executed_branches": [], "missing_branches": []}, "workdays/test_event_manager.py": {"executed_lines": [1, 4, 5, 6, 8, 11, 12, 27, 33, 35, 36, 38, 39, 40, 41, 42, 43, 44, 46, 52, 54, 55, 57, 58, 59, 60, 61, 62, 63, 65, 71, 73, 74, 76, 77, 78, 79, 80, 81, 83, 89, 90, 92, 93, 96, 97, 100], "summary": {"covered_lines": 45, "num_statements": 45, "percent_covered": 100.0, "percent_covered_display": "100", "missing_lines": 0, "excluded_lines": 2, "num_branches": 2, "num_partial_branches": 0, "covered_branches": 2, "missing_branches": 0}, "missing_lines": [], "excluded_lines": [100, 101], "executed_branches": [[92, 93], [92, 96]], "missing_branches": []}, "workdays/workdays.py": {"executed_lines": [1, 5, 7, 10, 11, 14, 22, 23, 24, 25, 26, 29, 30, 34, 40, 42, 50, 51, 52, 56, 57, 59, 60, 63, 64, 66, 67, 69, 78, 80, 87, 88], "summary": {"covered_lines": 29, "num_statements": 29, "percent_covered": 100.0, "percent_covered_display": "100", "missing_lines": 0, "excluded_lines": 0, "num_branches": 6, "num_partial_branches": 0, "covered_branches": 6, "missing_branches": 0}, "missing_lines": [], "excluded_lines": [], "executed_branches": [[51, 52], [51, 56], [56, 57], [56, 66], [57, 59], [57, 63]], "missing_branches": []}}, "totals": {"covered_lines": 152, "num_statements": 258, "percent_covered": 54.666666666666664, "percent_covered_display": "55", "missing_lines": 106, "excluded_lines": 7, "num_branches": 42, "num_partial_branches": 0, "covered_branches": 12, "missing_branches": 30}}, "coverage_path": "."}